<?xml version="1.0" encoding="UTF-8"?>
<project-private xmlns="http://www.netbeans.org/ns/project-private/1">
    <editor-bookmarks xmlns="http://www.netbeans.org/ns/editor-bookmarks/2" lastBookmarkId="0"/>
    <open-files xmlns="http://www.netbeans.org/ns/projectui-open-files/2">
        <group>
            <file>file:/C:/Users/DELL/Documents/NetBeansProjects/practica2/src/imagenes/ALFIL-2.png</file>
            <file>file:/C:/Users/DELL/Documents/NetBeansProjects/practica2/src/main.java</file>
            <file>file:/C:/Users/DELL/Documents/NetBeansProjects/practica2/src/gui/ventanas/ventana.java</file>
            <file>file:/C:/Users/DELL/Documents/NetBeansProjects/practica2/src/imagenes/torre.png</file>
        </group>
    </open-files>
</project-private>
